perturbagen,cosine_to_target
AKT-inhibitor-1-2,0.045474865908793245
UK-383367,0.04528276195555112
flutamide,0.0437061272039289
AVN-944,0.04351164081020765
raloxifene,0.04310210416804655
LCL-161,0.04304597849563975
drospirenone,0.04267411870132088
gemifloxacin,0.042570565651502065
KW-2449,0.04238274831492411
CP-724714,0.04100945198602311
GSK-1059615,0.04092920930374336
amuvatinib,0.040495341040905825
actarit,0.040303050004711065
clomifene,0.039414988683980495
nefiracetam,0.03937866665444864
toremifene,0.03937765825699369
idebenone,0.039008126655287155
barasertib,0.038913168428641814
SU-014813,0.03889610750551386
mibampator,0.038502601014513624
LY-2874455,0.03849578483485445
sirolimus,0.03844165299764543
valdecoxib,0.03832931843055684
enoxolone,0.038256739751963365
cimetidine,0.037585965956953994
senicapoc,0.037249029530255044
cordycepin,0.03719192292182054
mizolastine,0.037092194318775445
vincamine,0.03700259456589222
ABT-202,0.036833238821948784
esculin,0.03658942523447742
rociletinib,0.03651775911398127
tizanidine,0.036463892228360904
AMG-232,0.036283003133371565
ganetespib,0.03627559433768564
diphenylpyraline,0.03625034806134395
nepafenac,0.0361257110834118
GDC-0941,0.03605031122559073
cefoperazone,0.03594696480187526
KW-2478,0.03590641208053975
lesinurad,0.035834777353122106
amoxapine,0.03568693357540194
NVP-TAE684,0.03535358427103094
NVP-AEW541,0.03532341774117488
isoconazole,0.03529609063526415
tozasertib,0.035237398704268674
honokiol,0.03522506538895526
pritelivir,0.03517932615609334
MK-2206,0.03516307848398692
ciprofloxacin,0.03510401946483735
PD-153035,0.035045982890218305
GDC-0068,0.03502305316186932
triptorelin,0.03495333445497417
taranabant,0.03486311675134249
trehalose,0.0347424812381667
alaproclate,0.03469968027201621
fingolimod,0.03469926289442204
fenoldopam,0.03460017055380347
butaclamol,0.03458381719389906
aliskiren,0.0343930950624881
nutlin-3,0.03400439469632357
linsitinib,0.03393025276768969
bupivacaine,0.033886594274193105
tipifarnib-P2,0.033683921919295354
AGP-103,0.03365040727525008
vinburnine,0.033643709543991596
thiocolchicoside,0.03360900474068689
TAK-733,0.0335968675762112
urea,0.03352091057087996
foretinib,0.03350673786962662
etomoxir,0.033483591733853985
milacemide,0.03342548622272865
SNX-2112,0.03333095840212753
neratinib,0.03325451833848604
levosimendan,0.03316076769544396
ZK-93423,0.03310576772491092
AS-703026,0.033034073767748244
levofloxacin,0.03298902269911902
L-690330,0.032911277979612914
lisofylline,0.032904752566579154
etomidate,0.03290146503270109
SC-12267,0.03284782754699052
olanzapine,0.03281786812817906
fulvestrant,0.03266360826711707
cabergoline,0.032478314895728645
piclamilast,0.032350806300965235
crizotinib,0.032309936224813984
everolimus,0.03226535544276783
vanoxerine,0.03219651599524386
fenticonazole,0.03210628287000837
labetalol,0.03202719809460197
merimepodib,0.03201255526214619
proguanil,0.031878147602249884
ecabet,0.031656785184892164
mestranol,0.031545550165294256
anamorelin,0.03152281093747026
xaliproden,0.03150440467210606
perindopril,0.03138842388232043
telotristat,0.03135558503402344
etoricoxib,0.03125347727180374
BVD-523,0.031231548640816547
MLN-0128,0.031174473007228726
cinoxacin,0.03100257096097127
oxybenzone,0.030991198770713213
tecastemizole,0.030981557211007787
OSI-027,0.030968397762910604
AZD-4547,0.030909650087606134
fluorouracil,0.030770049802020794
amlexanox,0.03076924998304141
nafamostat,0.03070266073338848
latanoprost,0.030590109820598073
PF-02545920,0.030519024805101356
idasanutlin,0.03049149315475054
clofoctol,0.03042768763612572
dovitinib,0.030426111639243004
osimertinib,0.03041599643881295
dexamethasone,0.030237822961316076
andarine,0.030165269935575098
mycophenolic-acid,0.030153841592561282
isoniazid,0.0300033000778597
cyclobenzaprine,0.029960914355151677
benzydamine,0.029681429822020697
PIK-93,0.02956689975971495
acivicin,0.02955314206427017
desvenlafaxine,0.02948886017945443
zolpidem,0.029458805205150138
aminoglutethimide,0.02941179580609627
WYE-125132,0.029332092567838697
GDC-0980,0.029290185796425044
inositol,0.029277944424019747
PF-04691502,0.02924372269316942
orlistat,0.029195603791225554
tanaproget,0.029193913091770114
PI-103,0.029193351514220874
sunitinib,0.02910948652943611
NVP-TAE226,0.029001771206151987
hymecromone,0.02893515608670457
clemizole,0.028869840956017523
ENMD-2076,0.02884403638267266
protirelin,0.028789868238619194
ganaxolone,0.028776087257131877
DPCPX,0.028760694403409497
rocuronium,0.028746356618402004
fosfomycin,0.028708241346259697
miltefosine,0.028681923338129623
GSK-2126458,0.028658538979869103
mozavaptan,0.02864878463444625
famotidine,0.028629537277108756
CX-516,0.02862342736942505
moxifloxacin,0.02855839341955961
lacitol,0.028532235008458074
lonafarnib,0.028502274321192924
SU-11652,0.028497054595515055
JWE-035,0.028467494502363466
rimonabant,0.028442637413551335
tamsulosin,0.02843750394805403
pyrazolanthrone,0.02843093745150793
NVP-BEZ235,0.028422509052962775
pramipexole,0.02840306037826186
ambroxol,0.02840059342075129
naproxen,0.02837191567916338
theophylline,0.028251172779566854
minaprine,0.028204816428214072
pazufloxacin,0.028197308660103976
AZD-8055,0.028190639350049052
GSK-2636771,0.028136559350056246
PD-184352,0.028058442014906978
rilmenidine,0.027942773756253474
mercaptopurine,0.02794026970277886
rottlerin,0.02792577447619104
CP-945598,0.027914994526630203
vardenafil,0.027885999583408046
olaparib,0.027860536281762667
AT-13387,0.027836099982682876
ALX-5407,0.02780563773971907
camicinal,0.02779438425986352
suprofen,0.027758713818918757
L-NAME,0.02774419408058015
danusertib,0.027726206475425272
ornidazole,0.027714957137757498
linezolid,0.027698397381620204
tiludronate,0.027672173531244848
anacetrapib,0.027644531066822756
ticlopidine,0.027638466555597704
simvastatin,0.027599315475465333
cinnarizine,0.027590462519111965
RG-2833,0.027448400898057508
papaverine,0.027448347153989743
sulbactam,0.027435659788924746
voxtalisib,0.027425234286841932
varespladib,0.027406454847200085
fluphenazine,0.027404787433514818
dilazep,0.027385709905499392
vinpocetine,0.027373726647542198
flavoxate,0.027342596305754703
mitoxantrone,0.027283925884285493
miconazole,0.027249274513792776
gliquidone,0.027235126133550093
AP-26113,0.027221969622685062
tanespimycin,0.027211117445995386
pantoprazole,0.027206901308217405
acarbose,0.027149178622310095
phenprocoumon,0.027145002327951577
licarbazepine,0.02710493581660603
R-428,0.027079921734716014
anisodamine,0.02704704419189228
mepacrine,0.02701515134305711
filgotinib,0.02700485158658388
BAY-87-2243,0.026990031385526296
palmitoylethanolamide,0.026987662269860865
JW-7-24-1,0.0269400871938826
pibenzimol,0.02693303122203488
phenylbutazone,0.02690568440698747
RU-58841,0.026889008999983595
BCI-540,0.02688309128118293
torin-1,0.02684847320096879
semagacestat,0.02681367031040614
moxonidine,0.026804586984178466
KU-60019,0.026769193834637932
PF-03758309,0.02675759141032157
A-66,0.026699057505125696
tioguanine,0.026663626451954966
TH-302,0.026663615132861716
BGT-226,0.026563155459594583
AZD-2014,0.02652102845691893
pralatrexate,0.026477019078993715
argatroban,0.026454890583847854
epirizole,0.02645067850804249
disulfiram,0.026434194990033827
donitriptan,0.026354102596184696
letrozole,0.026339354589835655
pilaralisib,0.026292798303879303
luteolin,0.026283441111282658
calcitriol,0.026246634612836935
manumycin-a,0.02624658564835477
tolcapone,0.026239168544663106
MBX-2982,0.026235576908696975
chrysin,0.026228358639936472
propylthiouracil,0.026224159505218128
CC-401,0.026199901975024115
torin-2,0.0261802515290701
SEP-227900,0.026146104618626778
dutasteride,0.026142832071109685
cediranib,0.02612101935735338
piribedil,0.026094088359503387
dapagliflozin,0.026093754389001557
MK-0752,0.02604290853363525
XL-888,0.026008112832434618
talmapimod,0.025945059370629162
almitrine,0.02591925781435461
iniparib,0.025914953561608382
irsogladine,0.025873733488474993
josamycin,0.025841363846744413
taselisib,0.025834033694642815
PHA-848125,0.025787100941329504
cinaciguat,0.02578581831372167
rivaroxaban,0.025706767429438945
trifluoperazine,0.0257005056985965
cholic-acid,0.025696945991662265
triflupromazine,0.02566330755428555
efavirenz,0.02561233234357297
HG-5-113-01,0.025597922643273065
famciclovir,0.025516391918234068
alisertib,0.025511391892024823
etoposide,0.025501823313177976
ORE-1001,0.025447059625493946
clofibrate,0.025417277878627374
glycitein,0.025399771284831795
mirodenafil,0.025322776966406918
indapamide,0.025313678265217986
KD-025,0.025276838972054926
oxfendazole,0.02526078629975485
PF-573228,0.02524921898411149
azathioprine,0.0252325594035874
sorafenib,0.025174707164624745
tacrine,0.025150679897627565
tranilast,0.02514305773459904
ORG-9768,0.025116926908016538
ZSTK-474,0.02510275577695924
trimebutine,0.025064540318470663
empagliflozin,0.025027521195558594
tasisulam,0.025011914197154185
GDC-0152,0.0250063234290139
alagebrium,0.02498922653027772
NXY-059,0.024964139427424915
PSI-6130,0.024945856618651743
bopindolol,0.024942743708100935
reserpine,0.024859637507747705
preladenant,0.02482342291249402
naftifine,0.02474148457082783
tetradecylthioacetic-acid,0.024735737529422566
methiopril,0.02472609581943891
valproic-acid,0.02469932067906185
NVP-AUY922,0.02468976757000451
varenicline,0.024688455261164564
warfarin,0.02468284931380704
bropirimine,0.02461334306316406
trimethobenzamide,0.024613153067565598
ammonium-glycyrrhizinate,0.024587983490699218
lorglumide,0.024539178666052538
MK-0773,0.024463239063181347
delivert,0.024460102838690066
tenidap,0.024457798911185737
paroxetine,0.024445171566402975
amitriptyline,0.024437316044234558
MK-0893,0.024394915008394275
indole-3-carbinol,0.024373590931348294
prednisone,0.024366983564143387
armodafinil,0.02435414355460701
tasquinimod,0.02432541718039097
temsirolimus,0.02432072853383893
ipriflavone,0.024303352215030563
CPI-1189,0.024233350515719395
gemcitabine,0.02421142060139586
S-18986,0.024210418534078487
tafamidis-meglumine,0.02420865329278178
zofenopril-calcium,0.02420029745888408
physostigmine,0.024125015858261906
chlorphenamine,0.024072034579504374
lenalidomide,0.02406843756554736
clonidine,0.024068029089884445
levobunolol,0.024003109373163502
etofenamate,0.023980165019972993
LDN-193189,0.023963573977501332
telbivudine,0.023953376877868388
dexloxiglumide,0.0239324351886566
efatutazone,0.02388520990939464
salvinorin-a,0.023851997407193095
temoporfin,0.023839393936240218
nevirapine,0.02380187648061668
acetylcysteine,0.023790083050136406
TG-100801,0.02374190768798685
phentolamine,0.02371664105936952
ARN-509,0.023716054350718475
mitomycin-c,0.02371041277663767
AMG-208,0.023705802941590713
LY-2228820,0.023698013041297546
defactinib,0.023694399078527086
BIIB-021,0.023674316624473765
rizatriptan,0.023657892316363754
glycopyrrolate,0.02365095613042292
cobimetinib,0.023649818914418058
balsalazide,0.023586057783374935
biperiden,0.02355318812960258
ATN-161,0.023513151867024705
ifenprodil,0.02350724559655815
medetomidine,0.023502155885769545
temazepam,0.023470796407064495
brexpiprazole,0.02343653889733431
bupropion,0.023428997431776753
nicotine,0.023402266142734537
carvedilol,0.023389925316827924
vandetanib,0.02338910359759629
diphenidol,0.02333778296733654
GW-842166,0.023332522851915297
bisindolylmaleimide,0.023332035174561228
GSK-2334470,0.023274106367098937
elacridar,0.023248309159792487
resiquimod,0.023204981856011102
fluoxetine,0.023186337948577794
EVP-6124,0.02313916041831588
guanadrel,0.023124403504951922
iguratimod,0.02309248992161216
imiloxan,0.023071996074140816
radicicol,0.023018061760409044
CPI-613,0.022998248688514328
mycophenolate-mofetil,0.022993117620584723
BMS-599626,0.022964400543953482
exalamide,0.022962304670997545
penciclovir,0.022957110572752286
licochalcone-a,0.02293187214617208
dronedarone,0.022931260895817995
CEP-37440,0.022916774803589283
KD-023,0.022906533265688957
NVP-DPP728,0.022877315330643216
dicoumarol,0.022875744309611597
AZD-1981,0.022814247971097563
etizolam,0.02281359973811721
carbamazepine,0.022801979610815946
fadrozole,0.022799725376967124
primidone,0.02278698370407862
rupatadine,0.022772761774633627
cytarabine,0.02272857620160775
melatonin,0.022670150175069192
vortioxetine,0.02262561719363954
buparlisib,0.022623021981643957
esmolol,0.022622642170770847
oxatomide,0.022579591092589876
ifosfamide,0.022574331869018197
norfloxacin,0.022527125644838206
molindone,0.022498021947627615
vernakalant,0.02248970605015692
mubritinib,0.022467417852669397
probenecid,0.02245526580572127
CL-218872,0.022443052941164898
tetrahydrouridine,0.022410909631347623
CC-930,0.022410606409879835
miglitol,0.022391119060872145
verapamil,0.022387076466275642
nicotinamide,0.022363406651490038
propranolol,0.022274198494688886
rilpivirine,0.022259040247283517
PF-04620110,0.022258883622381175
tramadol,0.02224965890928492
carisoprodol,0.02223197465610658
roxithromycin,0.022231728652129218
chloramphenicol,0.022199305346567423
picotamide,0.02215705737283869
reboxetine,0.022156191605955795
clofazimine,0.022123828656935275
TAK-715,0.022117458467084204
PHA-793887,0.02209472209402608
palbociclib,0.022078218459724606
quercetin,0.0220719117520028
minoxidil,0.022040212942841336
cevimeline,0.022039379782665642
glipizide,0.022026721866304527
midostaurin,0.02202162711455724
folic-acid,0.022009350873399555
amlodipine,0.021989196598914983
API-001,0.021940602064723244
XMD-1499,0.02194015565480427
roflumilast,0.021920938517837378
fludarabine-phosphate,0.02191600785301481
QL-X-138,0.02189973474603127
pterostilbene,0.02188155600989095
diazoxide,0.021869343771227977
brequinar,0.02186347308206684
AT-7519,0.021834311205155613
geldanamycin,0.021830226615738562
cefdinir,0.021805046182816718
diazepam,0.021793596658449883
ursodiol,0.02178330818026567
bindarit,0.021781379726180668
rimcazole,0.02174025560029589
L-citrulline,0.021737365756615765
WZ-4-145,0.0216997002232273
linagliptin,0.021694389179041387
GSK-1292263,0.021647176964902506
altretamine,0.02162998578443928
cepharanthine,0.02162586002777445
tolbutamide,0.021625122534189287
troglitazone,0.021618075253249373
taladegib,0.02160465633301859
lofexidine,0.021593903588281012
epirubicin,0.021493204311795452
yohimbine,0.02142095851563835
PFI-1,0.02141676587276157
histamine,0.021407753141400112
raclopride,0.021407189412917367
meglitinide,0.021383037687717245
camptothecin,0.021346988004834838
AZD-7687,0.021339285859650708
QL-XI-92,0.021300615981078467
SB-242235,0.021279217876481713
amonafide,0.02126171678919107
tyrphostin-AG-1478,0.0212437160318868
alvespimycin,0.0212333887575923
dipyridamole,0.021219902496271995
doxapram,0.02120055827390997
bazedoxifene,0.02119827192113577
simeprevir,0.02116117550723569
TAS-103,0.021147824926991392
fluspirilene,0.021139698509977902
tolperisone,0.021083603992999293
bendamustine,0.021044407758731898
SGI-1776,0.021030863246629655
ZD-7288,0.02097907081282032
levamisole,0.020974915769498028
AZD-1208,0.020973732172121486
epitiostanol,0.02096905797710617
oxybutynin,0.02096344741544339
nizofenone,0.020957484318342587
VTP-27999,0.02095007289041116
pentamidine,0.02093305284130787
BMY-14802,0.020919359919603
cobicistat,0.020916999900795208
olprinone,0.02091520095271221
diosmin,0.02089190902918649
tacrolimus,0.02088711969635481
arofylline,0.02086802187225842
moclobemide,0.020831600183199413
retigabine,0.020807588647348687
KIN001-269,0.020802981034589746
AV-412,0.020790462959822942
sildenafil,0.020762771325948535
paracetamol,0.020752919089001867
carbimazole,0.02074022936032755
talinolol,0.020721977826892425
dexniguldipine,0.020709986728480796
almorexant,0.02069819801737437
sasapyrine,0.020696365280013285
KIN001-244,0.02064192447203315
dihydroergocristine,0.020631627159273806
basimglurant,0.020622222818676064
ropinirole,0.020591599828818953
benzotript,0.02057713565445003
SN-38,0.020560853386338947
oxybuprocaine,0.020558546744513503
otilonium,0.020557713311626497
butoconazole,0.020555266692041795
ibrutinib,0.02055340549861243
caffeine,0.02055207319444441
lacosamide,0.020524207798000568
estradiol,0.02052215456406163
indobufen,0.020499877437086873
masitinib,0.02044536677833858
omecamtiv-mecarbil,0.0204347703442371
ZD-7114,0.020427428474841657
WAY-362450,0.02039894460331806
trimetazidine,0.020391087063802486
pindolol,0.02037702791905364
zardaverine,0.020369727719404613
lidoflazine,0.02035605472701093
carbachol,0.020320256097349585
trovafloxacin,0.020308200042371542
ethinyl-estradiol,0.020300809302170267
berberine,0.020291056190642552
emedastine,0.020281783686471894
refametinib,0.02028082089498336
ABT-239,0.020250216972963125
R-547,0.020240690611690662
WZ-3105,0.020191434039643224
irinotecan,0.020189211412121377
alpelisib,0.020177871780803176
clofarabine,0.020164002317604367
nintedanib,0.020154095554774237
AZD-5363,0.020145778165684344
SB-239063,0.020123823590682825
zaleplon,0.020110461826682812
glibenclamide,0.02010348806868109
balapiravir,0.020072745094729557
prochlorperazine,0.020061787173065733
S-ruxolitinib,0.02003728544197557
VGX-1027,0.020022643000970095
balaglitazone,0.020010207048250277
selamectin,0.020005445213149255
taltirelin,0.01998338102282187
pitavastatin,0.019981883306544327
NSI-189,0.019971594451070773
ZM-447439,0.01996635248737486
acetazolamide,0.01993120299394984
butorphanol-(+)-tartrate,0.019929628587696285
hydrocortisone,0.019924456958590596
DU-728,0.019920684169925845
dolasetron,0.019905990354123437
SYK-inhibitor,0.019903289347218665
prazosin,0.019900261094514787
BMS-299897,0.019870721098470347
isbufylline,0.01985889620517817
AZD-1480,0.019849449678474594
sobetirome,0.019825467235896576
PKI-179,0.019805104822528664
SB-271046,0.01978296503334134
raltegravir,0.019750138242018083
OSI-930,0.01974990178845146
chlorambucil,0.019704706590947335
felodipine,0.019695538478817734
OTS-167,0.019678782864792244
tracazolate,0.019670800641827822
triamterene,0.019664441403013717
SB-203580,0.019620853816326864
idalopirdine,0.019611662030363682
bitopertin,0.019609046914809004
nitrendipine,0.019608046064448652
alprostadil,0.0195953645461382
anandamide,0.019593141758631534
mazindol,0.019589357245483184
pregnenolone,0.01958912641883286
arglabin,0.019584590308411188
tiapride,0.019540509192444613
citalopram,0.019524399286813314
gabapentin,0.019508478307256223
LY-2157299,0.019488995735586725
ketorolac,0.019473160753157182
lafutidine,0.019430721197356747
celecoxib,0.019386146142693315
AV-608,0.01937487376365484
AVL-292,0.019358206567746387
JQ1-(+),0.019356006458867613
KIN001-260,0.019343117128655545
ketotifen,0.019331761255400242
mepazine,0.019293400591490522
penfluridol,0.019289514498647135
golvatinib,0.01924086390256754
STA-5326,0.019226859985596208
ursodeoxycholyltaurine,0.019222641764443153
AGK-2,0.01922165344097845
alectinib,0.01920715046422756
meptazinol,0.019193599196034816
MK-1775,0.019161301805907437
isosorbide-mononitrate,0.019140305916158482
picolinic-acid,0.019105599013965923
azelaic-acid,0.01910199527108648
fenobam,0.019080957388751343
pinacidil,0.019065595358211628
tolazamide,0.019064226834243112
amikacin,0.019002598372876107
naftidrofuryl,0.018976642236309287
niclosamide,0.01894559835506771
etofylline-clofibrate,0.0189236733059233
GSK-1904529A,0.018876407076867496
clonazepam,0.018848707514071385
bambuterol,0.018847644553738066
SB-705498,0.018819909272550367
cabozantinib,0.018812195816216258
3-amino-benzamide,0.018798670985580204
D-4476,0.018773616885380914
bimatoprost,0.01875705053861316
dimethyl-fumarate,0.018756833024545172
piracetam,0.018731523081742515
arbutin,0.018701879029791205
GSK-1070916,0.01868019445608725
deforolimus,0.018651800120867916
urapidil,0.01864809783434184
piretanide,0.018647263595834688
progesterone,0.01862142379560821
gestrinone,0.01861832252994373
piperidolate,0.018602697611263718
JTE-907,0.018585984945359086
CX-5461,0.018561580002218036
GW-5074,0.018558814949785347
pasireotide,0.018544369173928543
bifonazole,0.018535045609002057
clarithromycin,0.01850059490737927
lersivirine,0.018500011972578098
daunorubicin,0.0184955908176535
propafenone,0.018478211114003974
darapladib,0.01847491647627576
CB-10-277-(free-acid),0.018459114063619945
penicillin-v-potassium,0.0184585866669519
gaboxadol,0.0184388715372904
apabetalone,0.018429481096523825
dinaciclib,0.01842517204513663
GSK-690693,0.01841395565309055
fusidic-acid,0.018403764163135265
roscovitine,0.018383338295290496
fiacitabine,0.018372492773687948
clotrimazole,0.01832563006243463
glasdegib,0.018319057569679238
AST-1306,0.018281945982893816
alvimopan,0.01827730255429972
tomelukast,0.01826324147225146
abacavir,0.018262133457246532
ACY-1215,0.01826137911309829
deferiprone,0.018235374952532087
meclofenamic-acid,0.018227237692319875
sorbinil,0.018216254800279837
chlorpropamide,0.018215185556398547
dihydroergotamine,0.018214809768489982
pimavanserin,0.018203390095126358
cariprazine,0.018201722364169157
rucaparib,0.018170069384197383
phenylephrine,0.018169624406387513
pirenoxine,0.018140797736177723
doxazosin,0.018136256885601974
AT-9283,0.01813131853162928
trilostane,0.018078441413299205
swainsonine,0.018070390611233195
halofantrine,0.018057318880036692
lomeguatrib,0.018055131388106136
dasabuvir,0.018049185188639984
VX-222,0.018036029453929334
pazopanib,0.017948867253346074
febuxostat,0.017925500890577064
entecavir,0.01791117694529789
IOWH-032,0.01790602552342699
imiquimod,0.01790110484540113
tazobactam,0.01786640959082234
otamixaban,0.017842853298772467
REV-5901,0.017821352217937524
LY-2801653,0.017741170451487893
bepotastine,0.0177237818068565
bucladesine,0.017690756716296604
MK-3207,0.017684386604346743
flecainide,0.0176738778900559
zileuton,0.0176547632153349
tonabersat,0.01765058469713605
mepivacaine,0.01760944287672404
lamivudine,0.017596745731756326
zafirlukast,0.017499215247212766
nisoxetine,0.01747369668947335
eperezolid,0.01746581526380552
alizapride,0.017442691800474107
exherin,0.017437021425345246
amcinonide,0.01743013821160739
acecainide,0.017415992024212346
aminoguanidine,0.017414159628736922
rutin,0.01741148553073652
NPK76-II-72-1,0.017408605997786493
gimeracil,0.017385081343667882
tiabendazole,0.017359567281724428
cilengitide,0.017346939223062248
DPI-201106,0.017343895775122572
zidovudine,0.017325841082543772
venlafaxine,0.017324850711590054
sumatriptan,0.017319481643784437
altanserin,0.017313652655726555
GSK-256066,0.017299105005648865
tetracaine,0.017255371349878854
SK&F-10047-(+),0.017254456249231224
umeclidinium,0.01722802182356792
dextromethorphan,0.0172262490721432
fostamatinib,0.017223149806365898
gliclazide,0.01719928262672637
PF-04217903,0.017189354871253233
resveratrol,0.017174045169006967
E-2012,0.017152259959006703
dabigatran-etexilate,0.017152115715469637
asymmetrical-dimethylarginine,0.017151829412475974
VT-464,0.017149249651971392
PF-431396,0.01713200931929349
calpeptin,0.017105416897155647
LCQ-908,0.01709213610213117
voriconazole,0.017068962464899605
BRD-K68548958,0.017062400831238993
cyanocobalamin,0.017058594096437507
SB-683698,0.01704658465361025
I-BET-762,0.0170452518721873
galeterone,0.01702797422388242
JNJ-38877605,0.01702785047499445
closantel,0.017022342809837707
cinepazide,0.016993727871896062
LY-2334737,0.01699030216709512
nateglinide,0.016984019622845386
SB-216763,0.016981719763303822
LY-215490,0.016909307479912494
MK-8245,0.016899380366662664
UNC-1215,0.016884655089277487
nebivolol,0.016872850680643724
TIC10,0.01684724208069736
carprofen,0.01683352066427837
resminostat,0.01683319874834944
sertindole,0.016822916046671473
clomipramine,0.016808116853702395
PF-477736,0.01679430485114908
doxifluridine,0.01678192209016521
indoprofen,0.016772927336483005
amsacrine,0.016754497142873505
mianserin,0.016754170630365172
fluvoxamine,0.016750704978566885
semaxanib,0.016743605679362266
candesartan,0.01672097053042081
amodiaquine,0.016718175726297687
palomid-529,0.016705196383848236
diminazene-aceturate,0.016689165725662453
selinexor,0.01668714751826947
efaproxiral,0.016683885226537205
maxacalcitol,0.01668107225378499
aphidicolin,0.016671755322093824
rotigotine,0.016670726015730497
tranylcypromine,0.016663564207488553
MD-920,0.016646858159456667
ercalcitriol,0.016643075073339238
quetiapine,0.01663177722511326
RG-4733,0.01658853536121437
mibefradil,0.016577562216854788
lerisetron,0.016571004531585443
ciglitazone,0.01655367414082629
KIN001-055,0.016547800791612485
pilocarpine,0.016516538314530475
merbarone,0.01651474179735309
carfilzomib,0.016503969079580787
nefopam,0.01648382078911564
TAK-875,0.01646837942240191
HG-14-10-04,0.01646727513523493
A-443654,0.016443728363962944
tamoxifen,0.016442580453464743
chloroxine,0.016438654403745805
ritonavir,0.016416918335128133
atovaquone,0.016397299508543177
naringenin,0.01638683831048211
10-DEBC,0.01638133543895633
dorzolamide,0.016377592100525702
potassium-canrenoate,0.016376182044710044
apafant,0.01637307090599048
AZD-7545,0.016363727497459728
AZD-3514,0.016340664489636617
lidocaine,0.016332963666369014
rebastinib,0.01629871373565232
levalbuterol,0.01628867370847017
retapamulin,0.016278060982977828
"16,16-dimethylprostaglandin-e2",0.016256098182221426
tipranavir,0.01624884647957245
GSK-J4,0.01623876507991579
guanaben-acetate,0.01623136149722474
canagliflozin,0.016223709326193058
binimetinib,0.016210013465589878
dapsone,0.016199586788904295
climbazole,0.016192571586699695
cariporide,0.016187832125442954
indoximod,0.01614451019740505
zonisamide,0.016140671367518237
veliparib,0.01613682653902454
quiflapon,0.016126954464009167
pravastatin,0.0161201346186472
BMS-707035,0.016107156507253063
letermovir,0.01610305405358517
sparfloxacin,0.016025313741864944
GDC-0879,0.016002896061880326
diflunisal,0.015967149418262647
amiodarone,0.015888021021576652
itopride,0.015881218562192975
fludroxycortide,0.015871175104984904
eflornithine,0.01585957431419586
lupanine,0.015845132015951623
CTS-1027,0.01582375107141288
adenosine,0.015798184378025486
medrysone,0.015794903244841986
tandutinib,0.015782760618523274
Y-26763,0.015767526860538807
losartan,0.015764805452346962
CYT387,0.015730245043648994
amrinone,0.01571040318262372
rifaximin,0.01570758478618068
trimethoprim,0.01570423760163639
PK-11195,0.01568503580509644
firategrast,0.015681978774435033
mocetinostat,0.015664911279036846
AZD-8330,0.015649632685109244
dalfampridine,0.015608339894112807
maribavir,0.015561725784812182
NVP-BGJ398,0.015534435510620318
5-aminolevulinic-acid,0.015532083103600325
rufinamide,0.015525471981711659
blonanserin,0.015524586086243892
hesperidin,0.015511848615534538
ibuprofen,0.015501988783496805
mephentermine,0.015488530464155095
eugenol,0.015475178332143569
SDZ-NKT-343,0.015464372522462026
pirfenidone,0.01542111757728735
phensuximide,0.015415369054591947
tacedinaline,0.01541463582612779
levocetirizine,0.015408411548183303
PSI-7976,0.01539974794400593
L-ergothioneine,0.015398799943086032
eptifibatide,0.015378001002835817
ofloxacin,0.015368515598856602
TAK-285,0.015363509915354349
nicergoline,0.015341199216598501
GSK-J1,0.015323234078242777
ramelteon,0.015305928011617965
PX-12,0.015304547391658567
AZD-8931,0.015282637375425559
FPL-55712,0.015259505276808112
JNK-9L,0.015238803250753954
molsidomine,0.015236357486400287
ftorafur,0.015224916896488768
EMD-1214063,0.015209021123084258
linopirdine,0.01519812885938957
pyrimethamine,0.015197562658510973
fidarestat,0.015188003085474702
meclizine,0.015182117464059541
GSK-2110183,0.015177666554479968
melperone,0.015175549041838932
rasagiline,0.015173958760319933
metoclopramide,0.01516908316946518
oxiconazole,0.015163426017332728
apocynin,0.015151707592760782
betulinic-acid,0.015141014391228978
ostarine,0.015137428871445473
RS-127445,0.015131512121252317
aniracetam,0.015126218201163041
oxaprozin,0.015123141754027104
YM-201636,0.015113269980570988
cianidanol,0.015112492156027602
phenytoin,0.015060771228388198
forskolin,0.0150394489252457
canertinib,0.014994322566471572
fidaxomicin,0.01499381038264791
dasatinib,0.014952801676366359
darifenacin,0.014901004466286095
felbinac,0.01487936103100398
stavudine,0.01487072900854984
sulfadoxine,0.01485534076418056
vidarabine,0.014838572044496356
pimecrolimus,0.014834322770921029
capecitabine,0.014825009843915101
orteronel,0.014821224623176511
N6022,0.014816705883800982
enzalutamide,0.01480394749780911
colchicine,0.014791145167903724
isradipine,0.014766582586024885
dofequidar,0.014757716401544402
roquinimex,0.014755163770679817
haloperidol,0.014743168827034806
sulpiride,0.014734142594105496
WH-4-025,0.014714799763458606
RG-108,0.014699118129116118
vicriviroc,0.014642949337430126
meisoindigo,0.014619243700567115
aminosalicylic-acid,0.014602349291617927
loperamide,0.01457956399576181
nalbuphine,0.014563973344677027
entinostat,0.014563924224867016
flumatinib,0.014534887298798524
etazolate,0.014527070796045564
fenoterol,0.014491280030889503
saracatinib,0.014468019546716433
diethylstilbestrol,0.014460554470185467
gemfibrozil,0.014455869536544156
phenazone,0.014454896560919306
pranlukast,0.014452608486838981
cefozopran,0.014413415260416045
telcagepant,0.01437473823412869
edoxudine,0.014322197975930729
itraconazole,0.014272857981672157
methyldopa,0.014241194892544707
SR-57227A,0.014237901765044232
VX-745,0.014222564266543397
hexachlorophene,0.014197524417610638
ticagrelor,0.014195426941115617
tofacitinib,0.014178541619074548
methylnaltrexone,0.01417478555891601
dimesna,0.01417261193643765
GDC-0834,0.014154934218905402
tedizolid,0.01414462933903524
bosentan,0.014127422646202916
LXR-623,0.014123623407596122
pyrazinoylguanidine,0.014108923346971659
bezafibrate,0.014060943093206813
erythromycin,0.014047671741519866
BIX-01294,0.014025957686161472
mestinon,0.013996427839371012
TPCA-1,0.013980098770042488
valrubicin,0.013960336288444966
theobromine,0.013925451958076275
nemonapride,0.013887338624113284
avanafil,0.013886079865822023
adarotene,0.01387880226031062
PRX-08066,0.013876477427685517
genistein,0.013839828973350309
tie2-kinase-inhibitor,0.013835026687457957
XL-147,0.013831906921594974
bemegride,0.013779734502630998
SCH-28080,0.013711968250962
orantinib,0.013698005840111403
adatanserin,0.013692526169828748
KIN001-242,0.013638010546352686
aurora-a-inhibitor-i,0.013623293326791774
phentermine,0.013618480665843674
tacalcitol,0.013602736607413839
acipimox,0.013584594323900733
CGP-60474,0.013552748336237094
formestane,0.01354119691826874
ZK-200775,0.013508592801914073
rimexolone,0.013463992537126867
ibutilide,0.013455150015755594
fipronil,0.01339863085339323
atipamezole,0.01337609991701453
thioridazine,0.013372643656941734
lumacaftor,0.01336038307589564
carbenoxolone,0.013351031489008885
thiomersal,0.013348970046684897
valsartan,0.013341450233317752
acenocoumarol,0.013315744143274305
ischemin,0.013304764688539833
ramatroban,0.013303885393153303
mecamylamine,0.01328237369324928
AGI-6780,0.013259617599544846
idelalisib,0.013238107446800117
lenvatinib,0.01322947246731317
buflomedil,0.013198748183274099
enprofylline,0.013196007781545118
idoxuridin,0.013134619410838782
mepyramine,0.013116154948340801
dazoxiben,0.0131102532529734
MC1568,0.013085713427455941
secnidazole,0.013079049575004876
dinoprost,0.013039550267796025
doramapimod,0.013006210198031323
nandrolone,0.012997848925692172
safinamide,0.012980659718688491
"ICI-185,282",0.012972337606342147
altrenogest,0.01295987668169182
triclabendazole,0.012949254679894226
moxisylyte,0.012949054717283363
NU-7026,0.012948277170226381
metixene,0.01292784881843761
MK-8033,0.012898918461444623
avagacestat,0.012859539376187654
probucol,0.01281410406590612
spironolactone,0.012805687328067453
pimozide,0.012805018567453752
oxandrolone,0.012787165829260944
VX-765,0.012781146827674738
clioquinol,0.01277879282094478
adapalene,0.012770761070836023
doxofylline,0.012770119210150161
fasudil,0.012769527099654811
ketoconazole,0.012768767789932045
riluzole,0.012691715216048866
suvorexant,0.012659452367204975
lopinavir,0.012654144167767983
dantrolene,0.01264646863059533
travoprost,0.012641015140316975
teroxirone,0.012602159479259393
tivozanib,0.012601051004930312
clozapine,0.012598540003545204
AZD-9668,0.012574924620497311
pelitinib,0.012537760188824857
aspirin,0.012478944605406848
danegaptide,0.012465868059593743
alvocidib,0.012437273738361732
baicalin,0.012422033481750062
BMS-927711,0.012403756384750275
Y-27152,0.01240158865318794
fdcyd,0.012384100010227345
lestaurtinib,0.01237442684255874
BMS-387032,0.012372720049199194
CO-102862,0.012371997887119433
L-655240,0.012347925639346335
ibudilast,0.012344949798607079
nimodipine,0.012304384584182884
azelastine,0.012301774282406124
lirimilast,0.012297108072793633
fluocinolone-acetonide,0.012295588213600297
CG-930,0.012294811642280905
finasteride,0.012280990227322559
CGS-20625,0.012229280261232846
novobiocin,0.012211802207457982
pentobarbital,0.012199938132821612
linsidomine,0.012193698885441896
thioguanine,0.012187580305453792
acebutolol,0.012172717600000812
MF-101,0.012165986121309869
benzamil,0.012131943553721984
risperidone,0.012124550033051058
quinapril,0.012123395791084877
indometacin,0.012101117306244689
SR-33805,0.012064611343827605
macitentan,0.01205888112197819
trametinib,0.012049221623746428
2-methoxyestradiol,0.012041328947605083
ranolazine,0.012033607800715787
batimastat,0.01200950636039289
betahistine,0.01199032342745458
benzthiazide,0.011990054839053141
oxypurinol,0.011986279355634006
fomepizole,0.011950770972790622
tiagabine,0.01193967230145676
sertaconazole,0.011921494480104404
artesunate,0.011916525646419554
ketoprofen,0.011916045209474911
chlormezanone,0.01190634777080693
floxuridine,0.01188817841075809
gallopamil,0.011874687076272598
phenylbutyrate,0.011873147952106713
ritodrine,0.011872553873291293
elvitegravir,0.011872299687864123
AT7867,0.011865854305559306
flutrimazole,0.011818674926912135
torcitabine,0.011812840770037249
castanospermine,0.011779583733210577
clenbuterol,0.011768415404441818
marimastat,0.011676310828444534
solifenacin-succinate,0.011673917344108345
tobramycin,0.011673468564284712
YM-976,0.011672535078619596
rotundine,0.01164422834647629
PHA-767491,0.011621789272975226
Ro-4987655,0.011600807281786248
methocarbamol,0.011584300960867112
favipiravir,0.011538929967385751
ulipristal,0.011504610762536806
leflunomide,0.011479115431620451
IB-MECA,0.011470151401080176
erythromycin-ethylsuccinate,0.01146401860100612
fentiazac,0.011425717057014326
pioglitazone,0.011402700529332408
tirapazamine,0.011390470203686508
OCO-1112,0.011361977684509111
sulfafurazole,0.011326839406877759
pomalidomide,0.0113268364727668
noscapine,0.0113230830502991
homochlorcyclizine,0.011317662314653146
levocabastine,0.011294337826392449
phenylacetylglutamine,0.01127288489589318
PA-824,0.011252417687556289
terbinafine,0.011216157157872891
felbamate,0.011199796946711998
thioctic-acid,0.011183566842800016
zaprinast,0.011149610013043657
lacidipine,0.011146629576263585
atomoxetine,0.011133763710395973
KIN001-127,0.011124509582852885
GSK-429286A,0.011109262335040055
metamizole,0.01110137895404769
2-iminobiotin,0.01109843001007327
tolnaftate,0.011097487987196817
broxuridine,0.011093901884930906
duloxetine,0.011053491036527618
UNC-669,0.011033988926793276
pidotimod,0.01103208743832175
etacrynic-acid,0.011022318667637719
hydroxyurea,0.011011090512572555
ziprasidone,0.010998983134145626
dabrafenib,0.010993981229132959
GSK-923295,0.010977663155620196
MLN-8054,0.010968749784127686
PH-797804,0.010962914866529373
brivudine,0.010926457609949411
tolvaptan,0.010922700474461403
imexon,0.010896855102163348
PF-03814735,0.010840102594727369
epigallocatechin-gallate-(-),0.010834630019247333
quinine,0.01083279175086264
chloroquine,0.010787239004443772
benzbromarone,0.01077502683225891
BX-795,0.010774840490032403
CI-966,0.010752815364009398
dopamine,0.010740900961264097
tirasemtiv,0.010706968874607467
BIBX-1382,0.010705177173885437
BIX-02189,0.010702472535185907
fomocaine,0.010689321407554093
desmopressin-acetate,0.010654821899348575
GW-843682X,0.010638805418526517
PD-123319,0.010615328810509785
erlotinib,0.010611935607495265
cyclosporin-a,0.010602488986802404
metatinib,0.01060190207275989
cytochalasin-b,0.010580496801639762
FPL-62064,0.01057811283850216
clinofibrate,0.01057457639943711
bisoprolol,0.010569407363102702
bromocriptine,0.01056926282649576
MK-5108,0.010568139039872314
sulbutiamine,0.010561287496745567
triamcinolone-acetonide,0.010536254984988074
vorinostat,0.010522266865714686
nicardipine,0.010505449980669098
penitrem-a,0.01049569634618486
dipraglurant,0.010479020064493375
triptolide,0.010478901309426119
amineptine,0.010471150058776187
saquinavir,0.010444729910520935
budipine,0.010411565053735453
piroxicam,0.010409636394595797
methylstat,0.010386912811479347
istaroxime,0.010372106797882877
lasalocid,0.010348368643963815
metoprolol,0.010343807290922383
naftopidil,0.01030482891911733
siramesine,0.010300986934872317
JQ1-(-),0.01028096037873832
acifran,0.01025080149019338
dacarbazine,0.01024913022343971
afloqualone,0.010247266421314289
diacerein,0.010236160596815827
mesulergine,0.010210372113007831
milrinone,0.010201983292642592
kakonein,0.010159114827183314
epinastine,0.010114962294860707
omeprazole,0.010113097576044741
bevirimat-dimeglumine,0.010095517010906444
nicaraven,0.010094572054031643
belinostat,0.010081454773613354
amiprilose,0.01006783015737837
levetiracetam,0.010035931878462738
grazoprevir,0.01003021735683719
ICI-192605,0.010029895133156351
lisinopril,0.009914378951533648
isofloxythepin,0.009912429261594597
PCI-24781,0.00988744698882063
HC-030031,0.009883027787150809
tioconazole,0.009867388766833907
bicalutamide,0.009829191188534734
lomerizine,0.009824597499691907
APD-668,0.009824558961026197
telmesteine,0.0098245244122609
tazarotene,0.009823394969720255
rigosertib,0.00975704632264401
praziquantel,0.009727002167701837
trifluridine,0.009667614398648168
levcromakalim,0.009643451834081532
clobetasol,0.009617607630260474
teneligliptin,0.009603391705262702
danazol,0.009587874877988928
curcumin,0.009581081763496913
camostat-mesilate,0.009572748744545004
AMG-837,0.00955664438866398
DMP-543,0.009545823021119157
KX2-391,0.009538503952762121
scopolamine,0.009531639604331536
AMG-487,0.009525228879426993
nimesulide,0.009499857735982444
YM-155,0.00947469897375902
doxycycline,0.009458008206361251
KBG,0.009444496823484909
beclomethasone-dipropionate,0.009373525400359295
droperidol,0.009339889644373572
HG-5-88-01,0.009327232113503777
tirofiban,0.009321496481338211
fosinopril,0.009314276011810209
ivacaftor,0.009281332388421661
amiloride,0.009279677134040659
elesclomol,0.009268511273418368
ursolic-acid,0.00921770879479755
sulfasalazine,0.009215482899650906
oxymetazoline,0.009210394250822613
ZK-93426,0.009205553349381473
acrivastine,0.009178515873475838
TTNPB,0.009176674265251506
glimepiride,0.009143581554541664
formoterol,0.009140964166209353
tamibarotene,0.009133339813487178
metolazone,0.009100377610130375
quizartinib,0.009097549212675016
MK-2461,0.009069938258417103
CP-466722,0.009069472318367435
chlorprothixene,0.009068427999853922
trimipramine,0.009057889132298332
aminocaproic-acid,0.009036055197710025
SGX523,0.009034069031561173
piketoprofen,0.009024964274895903
tetrabenazine,0.008991090487138278
WZ-4002,0.008969698731223571
exemestane,0.008952865836270228
buspirone,0.008948634100758721
netupitant,0.008941488546759909
bumetanide,0.008921205280634163
lapatinib,0.008913030381532117
ST-1859,0.008910493311481653
doxorubicin,0.008902750085253573
busulfan,0.008856433129872925
disopyramide,0.008814722780164427
chlorpromazine,0.008806228469752856
thiothixene,0.008805483299530646
lamotrigine,0.008793264549388117
salirasib,0.008789627087062322
triclosan,0.008767015157893432
LGX-818,0.008711583324742363
atracurium,0.008703038029502798
estramustine-phosphate,0.008697534846069872
PCA-4248,0.008677590458540052
dacomitinib,0.00866184611334772
levonorgestrel,0.008634546376243212
GNF-2,0.008595485394654575
cladribine,0.008575903641590048
paclitaxel,0.008521597473704018
ondansetron,0.008504256538292268
BX-912,0.008494427001298242
conivaptan,0.0084643816946012
anastrozole,0.008431503608432367
indirubin,0.008427186777320406
moxidectin,0.008357863598870509
fluconazole,0.00835687421952212
topiroxostat,0.008345655952065666
thalidomide,0.008282570368457625
AZ-20,0.008278457396720708
clofibric-acid,0.008272766017333719
dexamethasone-acetate,0.008259702344799072
ixabepilone,0.008247298409557305
AGI-5198,0.008240875742082108
moracizine,0.008226233371997772
clindamycin,0.008208465371425555
avasimibe,0.008132837690394135
BAY-K8644,0.008116713869209834
zaldaride,0.008109934648334205
asenapine,0.008099058611095675
PF-04136309,0.008081080706698484
maraviroc,0.008042113191949992
AMG-517,0.008020162017194788
timofibrate,0.00801841669243265
racecadotril,0.007942057273897744
testosterone,0.00794090146193701
protriptyline,0.007927828342823209
tagatose,0.007912162742504107
mericitabine,0.007908328080134572
afatinib,0.007897653596896006
sotalol,0.007891007486460674
perhexiline,0.007845206536992829
ARP-101,0.007817979425339718
ketanserin,0.00780846213565531
QL-XII-47,0.0077574222150805245
ampalex,0.007749508068187248
BS-181,0.007732516431713969
sarcosine,0.0076568664403884636
benazepril,0.007618829726630775
procainamide,0.007611318349081477
dolutegravir,0.007602836369725455
dazmegrel,0.007569042009867744
palovarotene,0.00756248698504812
tebipenem,0.007558219098053005
apremilast,0.007556875833047993
I-BET-151,0.007543995303180561
dicloxacillin,0.007523151791002328
methoxsalen,0.007513270307260638
pemirolast,0.0075113099401413665
nilotinib,0.007484063809605073
safingol,0.007473606408483931
NU-7441,0.007450636168999427
navitoclax,0.007423402802042681
genz-644282,0.007398350081734204
inosine,0.007365735985071538
escitalopram,0.007353335492305523
FK-866,0.007341467120101265
SB-939,0.007328032572071725
lodoxamide,0.007315749083651144
nikethamide,0.007305368775004462
flumazenil,0.007274098223497356
etodolac,0.007273303663318672
adoprazine,0.007243595703935037
ledipasvir,0.00720055506259463
selegiline,0.0071924614325856095
naphazoline,0.00719065504034283
nefazodone,0.00716634650297408
3-deazaadenosine,0.0071544948610600964
agomelatine,0.00713088013060707
docetaxel,0.007129328559391586
albendazole,0.007128853399106207
XMD-885,0.007105438810310396
RAF-265,0.007053871329252448
cabazitaxel,0.007008031786785087
ciclesonide,0.006981373981942256
vismodegib,0.006975416045497152
anecortave-acetate,0.006963828125124903
decitabine,0.006952653039357007
trientine,0.006944272737197168
tyrphostin-1,0.006895486484659258
allopurinol,0.006842653961485468
dexfenfluramine,0.0068402659612265115
lorcaserin,0.006823030163388883
NF-449,0.006818899534789704
SR-2640,0.006807643129165047
resatorvid,0.0067991474586076945
liranaftate,0.006733861191397782
clomethiazole,0.006701137131654372
JTC-801,0.00669668722575748
desoxypeganine,0.0066902407471577255
LY-2784544,0.006675244642518058
ginkgolide-b,0.006661441332588312
radezolid,0.006634966853286061
ramipril,0.00661609518231882
talazoparib,0.006609511069540062
oxiperomide,0.006544946150565879
mefloquine,0.006538149594651967
tolfenamic-acid,0.00652326956607622
enalapril,0.006515733836712739
AEE-788,0.006514865428877012
tramiprosate,0.006502203460101151
acexamic-acid,0.006448783062067348
amfepramone,0.006428339450792936
diethylcarbamazine,0.006412448382828779
andrographolide,0.006396730823756838
mitiglinide,0.006362194735201625
cefepime,0.006339399339966401
bendroflumethiazide,0.006299931268701583
rifabutin,0.006230908535884025
dienogest,0.006147242301500039
MG-132,0.006121588851353612
VP-20629,0.006111666691448964
PS-178990,0.006108299874566014
dequalinium,0.006079452193883139
trazodone,0.006033543287504137
lobenzarit,0.006013993703243834
paricalcitol,0.005997962597165813
imipramine,0.005994580745515887
mifobate,0.005989573741432729
EX-527,0.005974118481021089
atrasentan,0.005964788839866094
norethindrone,0.005946739532287585
sufentanil,0.00594663608744141
GSK-461364,0.005934079330069084
17-hydroxyprogesterone-caproate,0.0059337538957937785
bretazenil,0.005914757062207187
deoxycholic-acid,0.005905757221677665
LY-2603618,0.005892296937430682
sertraline,0.005869973196843972
rosiglitazone,0.005854669295530772
faropenem,0.005821985148102177
irbesartan,0.005811328663807439
AM-24,0.005801697374301777
methazolamide,0.005773054070013094
AZD-5438,0.005764899468335655
baricitinib,0.005738831574464486
apixaban,0.005738715001415384
PF-04447943,0.005723066140310445
DMP-777,0.0056805600325877375
seocalcitol,0.005653450055710636
saxagliptin,0.005641652927446145
BMS-345541,0.005623732710523484
benfluorex,0.0056222817132716455
SAR-245408,0.005585142512281636
pyrazinamide,0.005569146878246098
benzylpenicillin,0.005519398305482393
meloxicam,0.00550838857406628
metenkephalin,0.00550695454064734
withaferin-a,0.005492734454239666
bortezomib,0.005476352286382794
LY-2811376,0.00546754585568479
lurasidone,0.0054583114033499415
regorafenib,0.005428295005832527
resorcinol,0.005427641389689944
hypericin,0.00542030716014026
capsaicin,0.00541595888287103
indoramin,0.005403769006234839
ARRY-334543,0.005388889983291305
rucinol,0.0053495445704199035
ribavirin,0.0053455273839241625
T-5224,0.005321612962882253
JNK-IN-5A,0.005313504926225118
selumetinib,0.0053129863950921365
CTB,0.005286084266048563
azacitidine,0.005253007711597949
ALW-II-38-3,0.005191755386409244
ranitidine,0.005164258565012168
CEP-32496,0.005162019787884915
brivanib,0.005159722269558206
anidulafungin,0.005155075086873125
ipratropium,0.005113734100437885
ABT-737,0.0051065622941818805
D-serine,0.005079059151867448
aprepitant,0.005068878373643535
mannitol-D,0.005003884727036551
niacin,0.004900065452336339
cyclizine,0.0048565972773945455
pirenzepine,0.004803984814969261
VE-821,0.004795931132187294
tadalafil,0.00477929697283054
ambrisentan,0.004764081384251475
diclofensine,0.004750115755499586
odanacatib,0.004741742400925385
niguldipine,0.004704993130291862
oseltamivir-carboxylate,0.004680251843197992
ivabradine,0.0046526350114232135
acyclovir,0.0046519800840890135
digoxin,0.0046079655518170785
CT-7758,0.00459591926172484
pentoxifylline,0.004587945926790986
lomitapide,0.004576575224921289
orphenadrine,0.004574358047639289
birinapant,0.004555782520436336
dosulepin,0.0045066159519030645
ibutamoren,0.004420770722666774
azithromycin,0.004419552046569447
AMD-11070,0.004394650454971026
perampanel,0.004391127432477957
rosuvastatin,0.00438327112458799
cisapride,0.004380622671172606
CNQX,0.004341654332755734
sitagliptin,0.0043310271496185306
sodium-tanshinone-ii-a-sulfonate,0.004316419695727733
AS-601245,0.004311735954305637
lorazepam,0.004297991142303437
PF-562271,0.004282912170237846
tipiracil,0.004281062361263393
IOX2,0.00426637668601786
topiramate,0.004218746648606256
"2',5'-dideoxyadenosine",0.004215029986652167
epothilone-b,0.004194055880596431
rondual-kinase-inhibitor,0.004181001465857811
PF-03084014,0.004178998065604237
tosedostat,0.0041683732911781575
gatifloxacin,0.004163145258405063
cilostazol,0.004139529782753362
SB-743921,0.004103545252652228
olmesartan-medoxomil,0.004085310286546437
BI-2536,0.004082158977638587
atorvastatin,0.004070490457696971
PF-04457845,0.004053980965946211
PD-0325901,0.004051258155927483
metronidazole,0.004008763509977209
diclofenac,0.003953347005275578
griseofulvin,0.0039488884731836505
VX-661,0.003945878148801412
balicatib,0.003915052274105344
JNJ-26481585,0.003866920644698984
hydroflumethiazide,0.0038245190618681076
chlorthalidone,0.0038085853832944007
donepezil,0.00379636900679261
guanethidine,0.0037907828183813552
linifanib,0.0037497545573748773
granisetron,0.0037470696542190682
amitifadine,0.003730011145333816
zosuquidar,0.0036968911522537295
vemurafenib,0.0036402931967963762
EMD-53998,0.0036191193747755947
fexofenadine,0.003616194269237953
indacaterol,0.003605886081807845
primaquine,0.00353121378276784
regadenoson,0.0035294522938579685
rolipram,0.003516463884885189
AICA-ribonucleotide,0.0035017569182303147
BTS-54505,0.0034555052334424444
sulforaphane,0.0034539081689811016
midodrine,0.0034514944342522546
HG-9-91-01,0.0034335222471348317
medroxyprogesterone-acetate,0.0034313223197302684
norgestrel,0.0034229596752564395
mebendazole,0.0033760086331241566
relcovaptan,0.0033436824135857184
bosutinib,0.0033339302429119255
MDL-73005EF,0.003302187856755244
bardoxolone-methyl,0.003267396502999452
teriflunomide,0.003257718784888053
glafenine,0.0032350827133864456
menadione,0.0032157391134487218
clinafloxacin,0.003203938219189126
cromoglicic-acid,0.0030901647823596795
torcetrapib,0.0030619877087050816
volasertib,0.002906604521568357
bavisant,0.0029060428510911144
anacardic-acid,0.0028916608964276542
mCPP,0.0027914070805197533
KU-55933,0.002789904603865869
methimazole,0.002785344466663306
malotilate,0.002717336041218623
UNC-0638,0.0027043429495942363
CX-4945,0.002696010417559544
phorbol-myristate-acetate,0.0026627780312910945
erteberel,0.002656460968612189
narlaprevir,0.002652277895165725
pinitol,0.0026035450616688403
XBD-173,0.00260179093328876
tibolone,0.002577887253089917
oglemilast,0.0024310753718067004
IKK-2-inhibitor-V,0.0023655177436405434
ebselen,0.0023035729155785134
BMS-777607,0.002287426553883738
HMN-214,0.002215757473944825
eplerenone,0.00216489797422319
ellagic-acid,0.0021432285312935704
rabeprazole,0.0021430645994784045
venetoclax,0.002073340027996084
sofalcone,0.0020199247539117674
proglumide,0.001978896349134124
LX-1031,0.0019622396645895606
ZK-811752,0.0018596080021000831
SR-27897,0.0018189875964725775
levomequitazine,0.0017363046058379782
aclidinium,0.0017187706153386226
indiplon,0.001708672606600173
vilazodone,0.0016748104667565584
NVP-BHG712,0.001636925802428251
rebamipide,0.0015950917107432252
AZ-628,0.0015496083761784541
celastrol,0.0015492700484113192
neostigmine,0.0015184534599407625
sodium-gualenate,0.001507274795383581
garcinol,0.0014946933020123319
XMD-892,0.0014890780387546874
indibulin,0.00148584562878856
loxoprofen,0.0014854978295869084
telmisartan,0.001447905291935339
losmapimod,0.0013205719233508393
ubenimex,0.001297922360510139
sulmazole,0.0012886922195106225
methylprednisolone,0.001223853159620774
milnacipran,0.001159331557598309
trapidil,0.001090534399027549
gefitinib,0.0010070755437955445
chenodiol,0.0009431576563060642
procaine,0.0009373510980547222
timonacic,0.0008953627439652091
setiptiline,0.000875347749713427
BMS-509744,0.0008692063895059648
laropiprant,0.0008630223704955303
luliconazole,0.0007978543565612881
estrone,0.0007583265659078832
halcinonide,0.0006642608246253032
darunavir,0.0006487227949101872
dapivirine,0.0005982569306987786
cefotetan,0.0005920240255283945
nelarabine,0.0005868267589938959
LY-2886721,0.0005323404379650861
ozagrel,0.0004917038831315458
r(-)-apomorphine,0.00044950420195744457
enzastaurin,0.0004484779757536247
pevonedistat,0.0004426880994527571
nesbuvir,0.0004417062178787945
CGP-12177,0.0004021845288970818
miglustat,0.00039694856105737704
betrixaban,0.00037958788875882546
voreloxin,0.0003559530471255578
ruxolitinib,0.00028647520885010345
amtolmetin-guacil,0.00025662802320921847
emtricitabine,0.0002249393227037001
tegobuvir,0.0001868094482133948
bexarotene,0.00016631440757859835
AZD-7762,0.00015713044192608872
TG-100115,0.00015522624782449623
dideoxyadenosine,0.00015089249700502407
sacubitril,-1.6785236432724157e-05
ethylenediaminetetraacetic-acid,-5.500934082004272e-05
fluticasone-propionate,-0.00012759640362226994
CYT-997,-0.0001476910956224502
choline-alfoscerate,-0.00015882200792230287
ASC-J9,-0.0001674937540130728
ASA-404,-0.00018436483166872283
tesaglitazar,-0.0001923611716359271
AZD-6482,-0.0002466606039695021
targinine,-0.0005765529689932157
Y-27632,-0.0005960564346128914
tolimidone,-0.0006248025119519786
MLN-2480,-0.0006812692051323104
mirtazapine,-0.0008093163390162204
lucitanib,-0.0009023668137427051
NMS-1286937,-0.0009122193596244805
enoxacin,-0.0009611613265793559
FK-888,-0.0009686589870898186
ataluren,-0.0010227334108783143
riociguat,-0.0010406958733952454
aripiprazole,-0.00104511374669414
repaglinide,-0.0010483442604311954
amantadine,-0.001105977436921467
diltiazem,-0.001172640380090806
SB-756050,-0.001241427980501295
lonidamine,-0.001293447101731811
GSK-J2,-0.0013814218406365429
voglibose,-0.001387243014226474
indinavir,-0.0014062481210826306
temozolomide,-0.0014505823305688559
colforsin-daproate,-0.001498625738424228
Z160,-0.0015289158387427316
ganciclovir,-0.0015592137175755132
sarsagenin,-0.0016116591841395063
pimobendan,-0.0016298432291164278
NSC-4644,-0.001652826589101178
dolastatin-10,-0.0017503947444469327
SB-525334,-0.0017731981682347446
ABT-724,-0.0018056821443797222
metformin,-0.0018259684820974382
tyrphostin-AG-112,-0.001847659211036076
quinidine,-0.001886099531902872
sotrastaurin,-0.001888914462281865
atenolol-(+/-),-0.0018942070832720752
ivermectin,-0.0019173102334579055
reparixin,-0.0019510581206876616
chelerythrine,-0.002031610599447097
RHO-kinase-inhibitor-III[rockout],-0.0020502448859217423
bruceantin,-0.0021334368020860003
daminozide,-0.0021470616725244663
maprotiline,-0.0021708725657541518
estriol,-0.002261467414673787
triamcinolone,-0.0022988316941891197
cutamesine,-0.002313905903010986
ripasudil,-0.002465239540583468
tetrindole,-0.0026062018757560894
palonosetron,-0.0028845843798287686
telatinib,-0.002906803658865241
tivantinib,-0.0029431113659854295
ponatinib,-0.0029868370189793875
PD-173074,-0.002997794779352225
masoprocol,-0.003024497694956
timolol,-0.003158513627048337
zalcitabine,-0.0031706547993229778
ilomastat,-0.00324098509424377
equol,-0.003244262814059583
JW55,-0.0033660962886556587
homoharringtonine,-0.003383808415982891
AS-605240,-0.003455937044562973
metergoline,-0.0035188748227431145
CGK-733,-0.003542975288578834
loratadine,-0.00359291377333955
MK-0812,-0.003602418458976657
deferasirox,-0.0036193933180100725
norethisterone,-0.003669460045519937
WZ-7043,-0.003713630701933298
talnetant,-0.0038537226408347485
ixazomib-citrate,-0.003929228882563802
O6-benzylguanine,-0.003965599680624545
oprozomib,-0.00397402429832254
cilomilast,-0.003981856149708696
PHA-665752,-0.004035491013501388
delanzomib,-0.004040589063501007
combretastatin-A-4,-0.0041797973620793065
barasertib-HQPA,-0.004194816847845796
KIN001-266,-0.004228849875250925
etanidazole,-0.0042937712031522225
abiraterone-acetate,-0.004310288439480962
imatinib,-0.004400943389945065
propentofylline,-0.0046066676015657625
dehydroepiandrosterone,-0.004623135149312147
lidamidine,-0.004736527474630185
furosemide,-0.004775757464984161
Y-39983,-0.0047814436722499135
edoxaban,-0.004876188460294186
ICI-162846,-0.005057948990718703
rimantadine,-0.005176022535484517
cyproheptadine,-0.0052063821111032835
cyproterone-acetate,-0.0052700317078309845
MGCD-265,-0.005315415594183388
ingenol-mebutate,-0.005486467726508597
bifemelane,-0.00557177368547639
anagrelide,-0.005774387813979546
CHIR-99021,-0.005860847638839263
serdemetan,-0.0062854336810623255
goserelin-acetate,-0.006287230768402685
romidepsin,-0.0063352139948894964
phenformin,-0.00636304778633961
KI-20227,-0.006369313003833251
doxepin,-0.006435750072133993
etravirine,-0.006548400015867243
podophyllotoxin,-0.006709089625932876
XMD-1150,-0.006715964970881039
pinaverium,-0.006821784033383852
XMD-16144,-0.006898192497409989
nortriptyline,-0.006943956541434187
CI-976,-0.007226356991988854
XMD11-85H,-0.0073380796590298055
carglumic-acid,-0.00746777016171018
dacinostat,-0.007472997836230236
ixazomib,-0.00798516429946998
A-769662,-0.008109439139222085
econazole,-0.008385449852582324
siguazodan,-0.008510203320838418
FR-180204,-0.008607006235188074
GSK-3-inhibitor-II,-0.008744475843195765
cytisine,-0.008915789852419607
TGX-221,-0.009081915876992343
KIN001-270,-0.009220295515725311
epinephrine,-0.009587603028559703
PLX-4720,-0.009976575863878028
torasemide,-0.01010908914214209
"3,3'-diindolylmethane",-0.010407383464216487
levothyroxine,-0.010554657562952909
SU-11274,-0.01080673329949609
motesanib,-0.01137880464594243
KIN001-043,-0.01142148101094256
TG-101348,-0.011785200109814598
fluorometholone,-0.011955367161364151
SAR-245409,-0.01282153963566963
estramustine,-0.01341242207581443
HG-6-64-01,-0.013945922941851395
TWS-119,-0.016240059558631326
SB-590885,-0.017264780576472735
THZ-2-98-01,-0.017688773547411885
ALW-II-49-7,-0.01954139530763294
LY-2090314,-0.021748092794417653
